,TCP retransmission (Bytes),Avg Delay (ms),Avg Throughput (kbps)
0,2.3974664,1.9539249,2.436003
1,0.8024025,0.7022602,0.64998776
2,126.01103,148.39761,129.489
3,-0.29054406,-0.24757951,-0.26390943
