MSISDN/Number,Youtube_Total_Data
33760532824.0,15.641951
33662492962.0,9.662183
33684824997.0,12.68722
33651128952.0,34.443893
33609932989.0,16.281893
33663561775.0,11.655998
33688408549.0,24.803291
33699974451.0,31.126524
33632638205.0,31.652672
33671537508.0,16.266953
