MSISDN/Number,Email_Total_Data
33661372513.0,4.518036
33699347344.0,4.513579
33628430878.0,4.513
33664683534.0,4.51273
33652665765.0,4.5109153
33781028402.0,4.510178
33681422676.0,4.507049
33661466191.0,4.504056
33763634053.0,4.502041
33660086322.0,4.4994287
