MSISDN/Number,Gaming_Total_Data
33687404535.0,859.2028
33675877202.0,859.0109
33609234453.0,858.9021
33661463178.0,858.73517
33667589199.0,858.6528
33623352766.0,858.56274
33652293629.0,858.5064
33669377899.0,858.3671
33651817347.0,858.19965
33661939094.0,858.1537
