MSISDN/Number,Other_Total_Data
33781767278.0,859.52094
33698840764.0,859.4856
33770795479.0,859.28534
33699035133.0,859.18884
33659500647.0,859.05365
33650277162.0,858.9266
33762345283.0,858.8747
33695119682.0,858.84955
33636597616.0,858.7877
33662766562.0,858.5556
